{
  "indentSize": 4,
  "tabSize": 4,
  "newLineCharacter": "\n",
  "convertTabsToSpaces": true,
  "insertSpaceAfterCommaDelimiter": true,
  "insertSpaceAfterSemicolonInForStatements": true,
  "insertSpaceBeforeAndAfterBinaryOperators": true,
  "insertSpaceAfterKeywordsInControlFlowStatements": true,
  "insertSpaceAfterFunctionKeywordForAnonymousFunctions": false,
  "insertSpaceAfterOpeningAndBeforeClosingNonemptyParenthesis": false,
  "insertSpaceAfterOpeningAndBeforeClosingNonemptyBrackets": false,
  "insertSpaceAfterOpeningAndBeforeClosingTemplateStringBraces": false,
  "placeOpenBraceOnNewLineForFunctions": false,
  "placeOpenBraceOnNewLineForControlBlocks": false
}
